AccID,Details,Bill $,Timestamp
95053931,Bought groceries from the local supermarket.,95.42,5-Apr-24
90065875,Electricity bill payment.,72.03,24-Jan-24
79654510,Visited an amusement park.,63.98,5-Mar-24
42888933,"Bought fruits, bread, and household essentials.",49.28,17-Nov-24
90616136,Bought electronics and accessories.,360.82,13-Aug-23
23289950,Paid for coffee and snacks at a cafe.,36.07,18-Mar-25
48512338,Visited an amusement park.,83.3,9-Apr-24
60259197,"Bought fruits, bread, and household essentials.",137.17,23-Jun-24
34854659,Spent on weekly grocery shopping.,150.31,10-May-23
81573152,Underwent medical check-up at a clinic.,374.03,18-Nov-23
89672190,Paid for home maintenance services.,2116.63,30-Mar-23
59711524,Spent on weekly grocery shopping.,196.77,5-Apr-24
65486459,Bought a train ticket for daily commute.,40.89,19-Jan-25
55951020,Paid for coffee and snacks at a cafe.,34.73,12-Mar-24
68195446,Subscribed to an online streaming service.,130.08,14-Apr-23
26456260,Bought groceries from the local supermarket.,36.32,1-Dec-24
96690298,Lunch at a fast food outlet.,93.12,29-May-23
36985568,Spent on weekly grocery shopping.,89.37,16-Aug-23
23435784,Had dinner at an Italian restaurant.,63.49,25-Sep-23
70576890,Bought prescription medicines from pharmacy.,260.64,25-Feb-25
60656704,Underwent medical check-up at a clinic.,215.25,12-Dec-24
78893888,Paid for a haircut at a salon.,30.22,1-Aug-23
49776394,Gas bill payment for the household.,242.54,21-Mar-24
43060488,Bought electronics and accessories.,150.03,26-Sep-24
59645068,Paid for car fuel at a gas station.,7.89,12-Nov-23
56135172,Enjoyed a meal at a local diner.,66.65,14-Apr-23
23332586,Bought a train ticket for daily commute.,20.46,9-Dec-24
64985439,Paid for car fuel at a gas station.,5.56,10-May-23
56742179,Topped up public transport card.,46.63,1-Dec-24
17404355,Paid for car fuel at a gas station.,49.22,11-Mar-25
27125537,Lunch at a fast food outlet.,29.09,22-Sep-24
31603485,Paid for a concert ticket.,88.6,14-Jun-23
20560592,Paid for dental treatment.,279.1,5-Sep-24
46999798,Paid for coffee and snacks at a cafe.,46.75,2-Nov-24
41356443,Paid for online course enrollment.,124.08,3-Sep-24
75415190,Booked flight tickets for vacation.,147.78,19-Sep-23
39968121,Paid for a professional certification exam.,905.42,18-Jun-24
41148112,Paid for car rental services.,3376.41,3-Oct-23
47798095,Deposited money into an emergency fund.,232.28,21-Dec-23
21070001,Purchased home decor items.,441.01,16-Aug-24
23008546,Purchased travel insurance.,1349.91,18-Nov-23
89743343,Spent on weekly grocery shopping.,102.14,11-Jan-25
77780117,Monthly rent payment processed.,715.46,16-Aug-23
58021063,Lunch at a fast food outlet.,5.2,28-Oct-24
54001396,Paid for a ride-sharing service.,4.39,3-Dec-24
55518114,Transferred funds to savings account.,637.23,29-Apr-23
90271242,Paid for a ride-sharing service.,45.92,13-Aug-24
44580849,Bought groceries from the local supermarket.,169.92,5-Dec-24
62493620,Bonus payment from employer.,9258.9,14-Feb-25
86315793,Booked flight tickets for vacation.,3820.27,28-Jul-24
60171368,Settled monthly internet subscription.,139.35,19-Apr-24
94482905,"Bought fruits, bread, and household essentials.",84.4,12-Mar-24
26350122,Invested in cryptocurrency assets.,1495.59,15-Jan-25
65440689,Topped up public transport card.,12.71,27-Mar-23
41951994,Paid for car fuel at a gas station.,25.71,1-Jul-24
68466607,Had dinner at an Italian restaurant.,23.42,17-Jan-25
98212988,Enjoyed a meal at a local diner.,25.03,31-Dec-23
70893631,Bought textbooks for university.,1452.51,4-May-24
12639323,Paid for car fuel at a gas station.,15.72,12-Nov-23
59523728,Bought prescription medicines from pharmacy.,69.3,2-Aug-24
41260754,Purchased travel insurance.,1055.56,6-Dec-23
25055375,Paid for car fuel at a gas station.,46.69,19-Nov-24
70584849,Paid for dental treatment.,468.27,8-Jun-24
73678353,Paid for car rental services.,284.83,20-May-23
56866788,Spent on weekly grocery shopping.,51.49,22-Jan-25
44516253,Paid for water and sewage services.,132.32,27-Jul-24
86441094,Bought a train ticket for daily commute.,37.67,29-Aug-23
91591471,Bought a train ticket for daily commute.,44.93,20-Apr-24
24046021,Enjoyed a meal at a local diner.,73.69,29-Jul-24
68638398,"Bought fruits, bread, and household essentials.",94.09,23-Jul-24
94302280,Dividend earnings from investments.,9698.18,3-Feb-25
58888678,"Bought fruits, bread, and household essentials.",161.64,8-Sep-24
85824198,Paid for a ride-sharing service.,5.25,7-Dec-23
94799678,Monthly rent payment processed.,724.93,6-Jul-24
40416133,Bought a train ticket for daily commute.,31.31,19-Jun-23
28029147,Enjoyed a meal at a local diner.,37.45,4-Jun-24
47219547,Paid for online shopping order.,493.81,1-Dec-24
84748990,Bought movie tickets for an evening show.,79.44,30-Jul-24
76585324,"Bought fruits, bread, and household essentials.",68.18,16-Feb-25
17274786,Paid for car fuel at a gas station.,21.98,2-Apr-24
40120223,Bonus payment from employer.,9986.2,22-Mar-23
71169113,Bonus payment from employer.,3014.07,28-Aug-23
80356238,Paid for a ride-sharing service.,24.15,27-Apr-24
68329092,Purchased clothing from a retail store.,202.85,11-Jun-24
53361357,Bought a train ticket for daily commute.,47.65,9-Jul-24
37000038,Bonus payment from employer.,1498.67,17-Feb-24
90082696,Bought groceries from the local supermarket.,161.6,6-Feb-25
54554889,Invested in cryptocurrency assets.,94.77,9-Mar-24
79439503,Paid for a professional certification exam.,1446.78,14-Dec-23
18222685,Paid for online course enrollment.,1941.96,1-Sep-24
20550402,Purchased fresh vegetables and dairy products.,189.47,12-May-24
40402974,Paid for a ride-sharing service.,40.61,21-Nov-23
46034939,Paid for a professional certification exam.,288.75,27-Jun-23
54723675,Spent on weekly grocery shopping.,10.33,15-Sep-24
45375880,Subscribed to an online streaming service.,82.21,22-May-23
87566178,Bought electronics and accessories.,63.5,28-Apr-23
78267194,Purchased home decor items.,272.96,10-Aug-23
15400526,Underwent medical check-up at a clinic.,100.5,1-May-23
61622692,Paid for car fuel at a gas station.,6.36,22-Oct-24
19769318,Paid for water and sewage services.,192.71,24-Aug-23
95790732,Purchased home decor items.,136.8,16-May-23
74775662,Bought skincare products from a beauty store.,68.9,12-Nov-24
46717729,Bought groceries from the local supermarket.,191.85,4-Oct-24
47003279,Electricity bill payment.,294.94,17-Jan-24
57102651,Manicure and pedicure service payment.,68.13,11-Dec-23
19977815,Enjoyed a meal at a local diner.,35.65,8-Apr-23
71691611,Spent on weekly grocery shopping.,142.63,7-Jul-24
53617033,Bonus payment from employer.,4673.3,8-Sep-24
33195992,Bought groceries from the local supermarket.,186.8,27-Nov-24
66298097,Purchased travel insurance.,687.17,15-Mar-25
39781477,Purchased fresh vegetables and dairy products.,132.14,21-Mar-23
15123914,Visited an amusement park.,48.91,4-May-24
83473176,Topped up public transport card.,10.82,6-Nov-23
37324830,Purchased grooming essentials.,45.95,5-Apr-23
61472768,Paid for a ride-sharing service.,11.99,16-Aug-24
97292957,Purchased fresh vegetables and dairy products.,85.11,17-Sep-23
31260378,Saved a portion of income for future use.,428.47,29-Mar-23
89247230,Paid for water and sewage services.,237.03,18-Mar-25
83480713,Paid for water and sewage services.,208.51,15-Nov-23
54195229,Spent on weekly grocery shopping.,22.96,21-Jan-24
12935792,Purchased fresh vegetables and dairy products.,117.41,4-Dec-24
81887265,Spent on weekly grocery shopping.,117.42,14-Nov-24
32363296,Visited an amusement park.,79.89,26-Jun-23
71525377,Paid for a ride-sharing service.,23.68,1-Oct-23
31758381,Bought a train ticket for daily commute.,41.03,31-Aug-24
57575666,Paid for a professional certification exam.,1984.69,5-Oct-23
50902906,Bought skincare products from a beauty store.,28.48,9-Apr-24
43225899,Purchased travel insurance.,3223.31,1-Dec-24
28089241,Bought groceries from the local supermarket.,29.35,26-Jul-24
45524487,Bought a train ticket for daily commute.,34.22,20-May-24
51489782,Enjoyed a meal at a local diner.,76.97,20-Oct-24
42480905,Paid for water and sewage services.,74.31,15-Feb-25
32574749,Paid for a concert ticket.,89.05,5-Feb-25
78952324,Purchased fresh vegetables and dairy products.,35.72,3-Jun-24
50848805,Paid for online course enrollment.,1230.03,20-Aug-24
22875637,Salary credited to the bank account.,5312.17,25-Mar-23
30799522,Paid for coffee and snacks at a cafe.,38.22,29-Jul-23
29257532,Gas bill payment for the household.,69.21,15-Mar-25
62313644,Spent on weekly grocery shopping.,94.49,3-Jun-23
83992156,Paid for car rental services.,4516,22-Dec-23
54601485,Hotel accommodation payment processed.,4513.55,7-Nov-23
83863136,"Bought fruits, bread, and household essentials.",84.75,15-Apr-24
23022864,Mortgage installment payment processed.,1376.62,20-Oct-23
57876327,Dividend earnings from investments.,7147.95,30-Jun-23
97588820,Bought groceries from the local supermarket.,37.93,14-Jul-24
64207430,Paid for home maintenance services.,2960.56,16-Apr-23
95026388,Topped up public transport card.,3.43,5-May-24
90717329,Paid for a concert ticket.,114.59,15-Jun-24
87271378,Manicure and pedicure service payment.,72.77,18-Jun-23
16616165,Bought groceries from the local supermarket.,93.63,12-Sep-23
84190773,Purchased clothing from a retail store.,265.23,20-Feb-24
40436919,"Bought fruits, bread, and household essentials.",68.6,19-Jul-24
40274753,Bought movie tickets for an evening show.,133.64,31-Mar-24
28241374,Enjoyed a meal at a local diner.,7.73,22-Jan-24
30119078,Paid for car rental services.,1256.73,9-Dec-24
37312044,Purchased home decor items.,288.33,6-Apr-23
60121822,Paid for a professional certification exam.,1373.32,29-Apr-24
79098425,Underwent medical check-up at a clinic.,235.34,24-Mar-23
79013584,Had dinner at an Italian restaurant.,90.95,20-Mar-23
95508472,Booked flight tickets for vacation.,3531.48,9-Jul-23
69387675,Bought movie tickets for an evening show.,140.65,24-Nov-24
83400394,Subscribed to an online streaming service.,136.37,9-May-24
98672878,Bought groceries from the local supermarket.,138.1,24-Apr-24
56791775,Spent on weekly grocery shopping.,58.48,26-Dec-23
54839630,Paid for online shopping order.,281.86,8-Jan-25
24398278,"Bought fruits, bread, and household essentials.",168.96,24-Dec-24
69108884,Purchased home decor items.,420.05,4-Apr-23
68007608,Paid for car rental services.,3835.69,13-Feb-25
50958695,Invested in cryptocurrency assets.,1467.32,14-Nov-24
24680212,Invested in cryptocurrency assets.,1700.93,31-Mar-23
66750076,"Bought fruits, bread, and household essentials.",141.31,28-May-24
67458313,Salary credited to the bank account.,8272.74,31-Jan-25
48701031,Bought groceries from the local supermarket.,32.4,4-May-23
96582072,Purchased fresh vegetables and dairy products.,110.85,28-Jul-24
78984352,Purchased clothing from a retail store.,474.31,8-Jun-23
30581621,Monthly car loan installment paid.,1666.55,28-Jun-24
84707535,"Bought fruits, bread, and household essentials.",117.19,5-Mar-24
94618066,Mortgage installment payment processed.,1758.26,5-Mar-24
89880405,Paid for dental treatment.,238.57,4-May-24
52360440,Paid for online shopping order.,64.73,2-Apr-24
38384146,Purchased home decor items.,331.93,28-Apr-24
74169557,Underwent medical check-up at a clinic.,285.57,20-Jul-24
71348484,Had dinner at an Italian restaurant.,12.04,3-Sep-24
26922598,Paid for a concert ticket.,98.03,7-Aug-24
70536811,Paid for home maintenance services.,2943.61,24-Jan-24
96585125,"Bought fruits, bread, and household essentials.",104.34,20-Aug-23
28967867,Tuition fee payment for the semester.,510.73,21-Jul-24
95359015,Settled monthly internet subscription.,294.55,8-Mar-24
74579612,Paid for car fuel at a gas station.,35.56,6-Oct-23
42677221,"Bought fruits, bread, and household essentials.",143.24,4-Oct-23
31648002,Bought prescription medicines from pharmacy.,331.79,20-Jul-24
49024778,Spent on weekly grocery shopping.,17.02,17-Sep-23
73893357,Bought groceries from the local supermarket.,135.6,26-Nov-24
62744059,Paid for water and sewage services.,174.39,26-Jan-24
39859895,Bonus payment from employer.,4502.01,31-Dec-23
91689326,Paid for a ride-sharing service.,25.41,3-May-24
91160385,Electricity bill payment.,100.25,6-Nov-23
40725302,Paid for a concert ticket.,49.1,1-Apr-23
71470101,Paid for dental treatment.,167.64,15-Mar-24
65285119,Hotel accommodation payment processed.,3037.95,12-Jan-25
93400133,Paid for car fuel at a gas station.,36.86,10-Mar-25
64595044,Mortgage installment payment processed.,1344.05,24-Mar-24
47936836,Manicure and pedicure service payment.,86.05,5-Oct-23
62060360,"Bought fruits, bread, and household essentials.",132.92,2-Jun-23
18052145,Paid for online shopping order.,294.37,30-May-24
12798589,Enjoyed a meal at a local diner.,79.2,28-May-24
44732258,Lunch at a fast food outlet.,44.56,13-Jun-23
66272216,Paid for a ride-sharing service.,7.99,7-Jan-24
39122694,Bought movie tickets for an evening show.,130.28,5-Jan-25
84359619,Paid for coffee and snacks at a cafe.,78.89,16-Nov-23
55765783,Gas bill payment for the household.,126.56,14-Feb-24
36158490,Paid for car rental services.,344.85,3-Jan-24
30700946,Transferred funds to savings account.,216.53,21-Oct-23
94998132,Deposited money into an emergency fund.,170.03,26-Mar-23
36047815,Paid for a haircut at a salon.,76.08,18-May-23
14818413,Bought a train ticket for daily commute.,42,10-Dec-24
32398317,Mortgage payment for the house.,706.19,27-Apr-24
31102777,Dividend earnings from investments.,3985.94,3-Oct-24
91588124,Settled utility bills for the apartment.,1735.46,11-Jun-23
78348085,Paid for car rental services.,362.76,16-Dec-23
21928881,Settled utility bills for the apartment.,2931.2,25-Jan-25
53263477,Purchased home decor items.,439.78,17-Nov-23
89648327,Spent on weekly grocery shopping.,122.26,18-Jun-24
28840568,Purchased government bonds.,703.13,22-Jan-25
42060284,Lunch at a fast food outlet.,23.64,10-Oct-24
78078973,Paid for online shopping order.,124.13,19-Sep-23
35986761,Paid for home maintenance services.,2566.25,21-May-24
30313362,Paid for car fuel at a gas station.,2.18,24-Sep-24
80352063,Spent on weekly grocery shopping.,104.95,19-Nov-23
95178456,Purchased clothing from a retail store.,179.57,16-Aug-24
58672544,Paid for car fuel at a gas station.,28.08,21-Jan-25
96252294,Paid for a ride-sharing service.,47.82,22-Nov-24
73022363,Spent on weekly grocery shopping.,123.7,17-Aug-24
13142116,Topped up public transport card.,6.28,7-May-24
97205982,Topped up public transport card.,6.74,4-Nov-23
64129407,Paid for coffee and snacks at a cafe.,39.75,11-Oct-24
71038348,Monthly rent payment processed.,2410.84,8-May-24
45214455,Electricity bill payment.,197.57,6-Feb-24
90154656,Purchased grooming essentials.,37.44,23-Dec-23
55115100,Bought groceries from the local supermarket.,55.9,21-Oct-23
58769927,Transferred funds to savings account.,973.29,3-Nov-23
32075064,Bought a train ticket for daily commute.,35.62,22-Jun-23
21143777,"Bought fruits, bread, and household essentials.",153.74,6-Mar-24
24174484,Booked flight tickets for vacation.,1305,30-Jul-24
90377319,Paid for online shopping order.,351.05,22-Feb-24
91046039,Bought a train ticket for daily commute.,13.22,24-Aug-23
73379681,Purchased fresh vegetables and dairy products.,75.17,16-Dec-24
61777879,Bought groceries from the local supermarket.,151.74,19-Oct-23
51520220,Purchased fresh vegetables and dairy products.,48.78,16-Oct-24
81286099,Paid for home maintenance services.,1825.89,27-Mar-24
21692856,Underwent medical check-up at a clinic.,286.19,17-Oct-24
16938076,Paid for a concert ticket.,101.86,28-Feb-24
61163242,Paid for car fuel at a gas station.,14.38,27-Jul-23
63315507,Received freelance project payment.,4728.09,29-Nov-24
72898266,Purchased fresh vegetables and dairy products.,147.11,10-Dec-23
47523380,Invested in cryptocurrency assets.,3043.49,24-May-23
90181622,Paid for water and sewage services.,284.87,21-Oct-23
52037465,Paid for a ride-sharing service.,32.13,26-Apr-23
85327567,Paid for online shopping order.,142.28,29-Nov-24
86249456,Electricity bill payment.,261.67,26-Aug-24
70625512,Electricity bill payment.,123.08,12-Mar-24
72664772,Paid for a ride-sharing service.,31.87,17-May-23
48492521,Spent on weekly grocery shopping.,70.37,16-May-23
12551455,Settled monthly internet subscription.,266.72,1-May-24
58836742,Lunch at a fast food outlet.,88.48,24-Jan-25
52301027,Paid for online shopping order.,97.33,8-Mar-24
67687154,Deposited money into an emergency fund.,437.56,15-Jan-25
64507983,Settled monthly internet subscription.,237.81,9-Jul-24
95248645,Settled monthly internet subscription.,243.86,22-Jun-23
13481936,Spent on weekly grocery shopping.,62.29,25-Feb-24
41073048,Purchased home decor items.,434.99,24-Jun-23
32756542,Mortgage installment payment processed.,1217.75,13-Mar-25
31148974,Deposited money into an emergency fund.,289.94,13-Jul-23
96502074,Topped up public transport card.,7.23,26-Oct-23
81289410,Deposited money into an emergency fund.,345.01,13-Oct-24
72666381,Purchased clothing from a retail store.,202.15,25-Jul-23
39195565,Bought groceries from the local supermarket.,13.96,8-Feb-24
44264797,Subscribed to an online streaming service.,98.86,26-Jun-23
47583686,Paid for car fuel at a gas station.,23.49,25-Feb-24
92937131,Purchased fresh vegetables and dairy products.,175.03,10-Oct-23
35322983,Topped up public transport card.,19.54,18-Jan-24
94146091,Purchased travel insurance.,1903.97,6-Nov-23
16572404,Bought a train ticket for daily commute.,19.62,8-Sep-23
95941485,Monthly rent payment processed.,1193.02,14-Jul-23
75209667,Topped up public transport card.,17.01,20-Jun-24
98629014,Bought movie tickets for an evening show.,20.43,28-May-23
46049637,Purchased fresh vegetables and dairy products.,11.44,29-Oct-24
69904702,Visited an amusement park.,149.07,13-Aug-24
38020579,Lunch at a fast food outlet.,71.96,17-Mar-25
55741123,"Bought fruits, bread, and household essentials.",111.55,7-Sep-24
18054376,Paid for coffee and snacks at a cafe.,43.54,1-Nov-24
80287183,Paid for a professional certification exam.,416.23,15-Jan-25
68530990,Bought groceries from the local supermarket.,25.55,7-Nov-23
54640876,Enjoyed a meal at a local diner.,26,11-Oct-23
72390283,Salary credited to the bank account.,8779.65,1-May-23
93924608,Bonus payment from employer.,7220.86,3-Jul-24
56558200,Purchased fresh vegetables and dairy products.,89.71,8-Mar-25
87402392,Credit card bill installment settled.,528.57,23-Aug-23
55014768,Paid for car fuel at a gas station.,10.14,2-Sep-23
75878624,Saved a portion of income for future use.,699.59,4-Oct-23
26354464,Paid for dental treatment.,485.63,22-Jun-24
33485807,Spent on weekly grocery shopping.,61.48,22-Feb-24
40306235,Underwent medical check-up at a clinic.,157.76,28-Mar-23
87664679,Lunch at a fast food outlet.,36.17,31-Mar-24
73847948,Bonus payment from employer.,2419.47,16-Mar-24
89260402,Bought skincare products from a beauty store.,78.85,10-Nov-24
78934438,Received freelance project payment.,6681.28,5-Nov-23
51587764,Paid for a ride-sharing service.,25,23-Jan-24
54262137,Bought skincare products from a beauty store.,33.22,18-May-23
48769321,Subscribed to an online streaming service.,85.5,1-Aug-23
97496624,Paid for car fuel at a gas station.,23.23,7-Nov-24
33366286,Paid for a professional certification exam.,440.95,25-Sep-24
78254708,Personal loan EMI payment.,1680.18,1-Dec-24
84540917,Lunch at a fast food outlet.,40.5,19-Oct-23
68899517,Purchased fresh vegetables and dairy products.,183.41,6-Nov-23
96336737,Gas bill payment for the household.,170.17,9-Dec-23
88067431,Paid for car fuel at a gas station.,19.14,12-Oct-23
38153080,Enjoyed a meal at a local diner.,14.28,15-May-24
95975681,Paid for car fuel at a gas station.,3.15,24-Aug-24
50929041,Bought textbooks for university.,434.29,25-Nov-23
37289953,Purchased fresh vegetables and dairy products.,74.71,24-Feb-25
34610844,Booked flight tickets for vacation.,407.95,20-Jun-24
80331226,Subscribed to an online streaming service.,50.56,13-Nov-23
51371783,Paid for water and sewage services.,117.15,28-Jan-25
44201402,Paid for home maintenance services.,1125.96,13-Jan-24
40433091,Purchased government bonds.,914.1,27-Apr-23
54714156,Bought groceries from the local supermarket.,28.15,9-Nov-23
75378094,Subscribed to an online streaming service.,30.91,11-Jan-24
45470182,Bought a train ticket for daily commute.,4.7,2-Jul-24
77285537,Paid for water and sewage services.,93.24,3-Jul-23
40881382,Dividend earnings from investments.,3414.22,16-Dec-23
55155074,Deposited money into an emergency fund.,284.09,17-Nov-23
84380423,Tuition fee payment for the semester.,174.31,11-Aug-23
92498963,Paid for coffee and snacks at a cafe.,98.52,6-May-23
24164641,Paid for dental treatment.,194.21,8-Jul-23
90421440,Bought a train ticket for daily commute.,30.38,27-Feb-24
22158523,Visited an amusement park.,63.55,28-Oct-24
46729167,Paid for dental treatment.,248,6-Feb-24
49779751,Spent on weekly grocery shopping.,96.58,15-May-24
61670743,Salary credited to the bank account.,9426.89,12-Apr-24
87993444,Paid for home maintenance services.,2986.97,7-Aug-24
22440335,Settled monthly internet subscription.,298.37,18-Nov-23
49554719,Invested in cryptocurrency assets.,3049.01,15-Oct-24
29631803,Paid for a ride-sharing service.,10.03,5-Oct-24
21824046,Paid for online course enrollment.,705.37,10-Sep-24
67738910,Visited an amusement park.,71.14,5-Jun-24
90971836,"Bought fruits, bread, and household essentials.",138.37,25-Jun-23
92665566,Spent on weekly grocery shopping.,112.63,22-Feb-25
32323298,Saved a portion of income for future use.,878.24,2-Oct-23
83491231,Paid for a ride-sharing service.,12.43,16-Jun-24
52891816,"Bought fruits, bread, and household essentials.",185.96,20-Sep-24
78657678,Visited an amusement park.,41.83,11-Jun-23
58636321,Purchased home decor items.,357.43,19-Feb-24
74213316,Enjoyed a meal at a local diner.,92.1,27-Oct-23
40067048,Paid for coffee and snacks at a cafe.,49.28,15-Mar-24
26874795,Bought groceries from the local supermarket.,58.73,20-Aug-24
37329422,Purchased fresh vegetables and dairy products.,78.61,10-Mar-24
42436455,Bought movie tickets for an evening show.,68.14,24-Nov-24
88795164,Purchased grooming essentials.,40.47,11-Oct-24
51169469,Had dinner at an Italian restaurant.,22.63,7-Sep-23
61412888,Credit card bill installment settled.,514.45,30-Jun-23
75838600,Underwent medical check-up at a clinic.,310.58,1-Sep-23
30168862,"Bought fruits, bread, and household essentials.",109.28,17-Apr-24
68586306,Bonus payment from employer.,1562.96,14-Jan-25
85150905,Bought groceries from the local supermarket.,191.7,13-Oct-24
60936731,Credit card bill installment settled.,284.45,25-Dec-24
57806183,Paid for a ride-sharing service.,11.81,7-Jul-24
49293235,"Bought fruits, bread, and household essentials.",191.8,15-Jan-24
33086142,Monthly car loan installment paid.,1155.28,10-Nov-23
70803588,Had dinner at an Italian restaurant.,36.76,30-Nov-24
84362989,Bought a train ticket for daily commute.,25.34,6-May-23
91362810,Paid for online shopping order.,302.33,11-Jan-25
71236299,Bought a train ticket for daily commute.,4.67,4-Apr-24
98717227,Mortgage payment for the house.,620.01,4-Dec-24
15867103,Purchased fresh vegetables and dairy products.,190.43,16-Jun-23
26921676,"Bought fruits, bread, and household essentials.",193.06,5-Apr-24
59977112,Gas bill payment for the household.,296.82,21-Nov-23
83680899,Enjoyed a meal at a local diner.,33.06,17-Apr-24
15864713,Paid for dental treatment.,260.2,8-Jul-23
48171654,Bought movie tickets for an evening show.,148.85,8-Jan-25
83992448,Paid for water and sewage services.,168.59,8-Jun-23
55069403,Subscribed to an online streaming service.,137.31,3-Nov-23
55115568,Manicure and pedicure service payment.,75.98,27-Mar-24
71168793,Bought movie tickets for an evening show.,105.55,3-Nov-24
66998384,Paid for online shopping order.,344.92,9-Jun-23
73559357,Doctor consultation fee paid.,236.71,5-Sep-24
95545708,Paid for a ride-sharing service.,14.49,11-Dec-23
90118422,Purchased grooming essentials.,15.34,15-Mar-25
20446836,Paid for a ride-sharing service.,38,5-Nov-24
29626493,Paid for coffee and snacks at a cafe.,77.2,13-Sep-24
24381512,Purchased fresh vegetables and dairy products.,188.6,25-Aug-24
18422681,Paid for car fuel at a gas station.,17.87,16-Jul-23
15459311,Lunch at a fast food outlet.,98.16,14-Jan-25
32630269,Mortgage payment for the house.,2906.68,4-Mar-24
26731655,Paid for coffee and snacks at a cafe.,66.36,5-Jun-24
26040628,Tuition fee payment for the semester.,183.15,8-Apr-24
39926409,Paid for home maintenance services.,2056.59,9-Dec-23
87982293,Lunch at a fast food outlet.,72.58,24-Aug-23
30813163,Spent on weekly grocery shopping.,43.04,5-Feb-24
86843580,Topped up public transport card.,34.59,7-Nov-24
89500363,Paid for car fuel at a gas station.,49.2,9-Apr-23
32171589,Bought groceries from the local supermarket.,164.47,18-Apr-24
29245939,Paid for dental treatment.,39.55,25-May-24
28306429,Bought electronics and accessories.,152.14,3-Nov-23
96592416,"Bought fruits, bread, and household essentials.",65.16,28-Dec-23
33372001,Topped up public transport card.,36.46,8-Jun-24
65463335,Monthly car loan installment paid.,1095.89,9-Feb-25
64531695,Paid for water and sewage services.,53.58,6-May-24
32131905,Settled utility bills for the apartment.,1067.63,23-Sep-23
37484865,Purchased fresh vegetables and dairy products.,163.67,15-Aug-23
92208557,Bonus payment from employer.,3356.05,3-Jun-24
90875659,Doctor consultation fee paid.,153.51,18-Oct-23
43997609,Bought a train ticket for daily commute.,46.82,5-May-24
83436152,Paid for car rental services.,939.98,10-Feb-24
64833699,Topped up public transport card.,11,30-Apr-23
46846129,Doctor consultation fee paid.,150.56,23-Feb-24
51540885,Doctor consultation fee paid.,66.48,30-Jun-24
65864938,Transferred funds to savings account.,975.51,24-May-24
37048831,Electricity bill payment.,171.3,7-Jun-23
98637768,Paid for car fuel at a gas station.,18.96,3-Feb-25
92690759,Purchased clothing from a retail store.,446.95,8-Feb-24
39990154,Paid for a ride-sharing service.,13.48,13-Nov-23
76164039,Received freelance project payment.,1008.18,21-Apr-24
65828744,Bought movie tickets for an evening show.,121.76,12-Mar-25
87025743,Purchased travel insurance.,4541.65,18-Nov-23
28561944,Bought a train ticket for daily commute.,26.35,29-Jul-24
57921582,Doctor consultation fee paid.,212.27,7-Dec-24
73394285,Mortgage payment for the house.,714.53,14-Oct-24
23456825,Dividend earnings from investments.,5430.69,22-Feb-25
48267449,Personal loan EMI payment.,462.11,2-Jan-25
92976466,Paid for a concert ticket.,40.71,23-Jun-24
67032594,Deposited money into an emergency fund.,126.41,12-Nov-23
72895689,Bought a train ticket for daily commute.,29.33,13-Oct-24
63228308,Paid for water and sewage services.,150.31,29-Sep-24
18362413,Paid for a concert ticket.,27.12,21-Feb-24
39649394,Paid for online shopping order.,41.11,11-Apr-24
45620769,Bought company shares in stock market.,652.05,9-Sep-24
58135037,Spent on weekly grocery shopping.,30.27,24-Nov-24
70711858,Manicure and pedicure service payment.,12.33,27-May-24
94181390,Electricity bill payment.,138.08,19-Apr-24
55447697,Bought prescription medicines from pharmacy.,273.15,7-Jul-23
51312923,Paid for a ride-sharing service.,29.44,22-Jul-24
50851420,Bought a train ticket for daily commute.,47.72,16-Nov-23
73141393,Enjoyed a meal at a local diner.,69.59,11-Dec-24
23198736,Paid for car fuel at a gas station.,25.03,4-Feb-25
83563903,Bought textbooks for university.,685.5,2-Feb-24
61350437,Paid for a ride-sharing service.,37.01,29-Nov-23
75323470,Purchased fresh vegetables and dairy products.,54.38,26-Jan-24
97176417,Bought electronics and accessories.,198.17,16-Aug-24
53394074,Bought electronics and accessories.,407.68,9-Jul-24
77805846,Paid for water and sewage services.,193.73,28-Mar-24
83671359,Hotel accommodation payment processed.,285.23,26-Jan-24
44978841,Paid for car fuel at a gas station.,43.48,17-Dec-23
85735915,Had dinner at an Italian restaurant.,41.84,18-Jun-23
57204300,Spent on weekly grocery shopping.,157,27-Feb-24
43836652,Bought prescription medicines from pharmacy.,128.01,1-Jun-23
69322172,Visited an amusement park.,30.32,17-Oct-23
88810994,Bought movie tickets for an evening show.,116.55,14-Sep-24
40169697,"Bought fruits, bread, and household essentials.",50.25,11-Aug-24
74005044,Spent on weekly grocery shopping.,149.08,1-Dec-24
17274864,Lunch at a fast food outlet.,31.02,20-Jul-23
41647710,Paid for car fuel at a gas station.,32.44,19-Aug-23
51733869,Paid for a professional certification exam.,1022.79,26-Jan-24
67950068,Bought groceries from the local supermarket.,172.28,13-Jun-24
37980679,Settled utility bills for the apartment.,2777.33,4-Dec-23
81976009,Purchased travel insurance.,1053.92,4-Apr-23
47178500,Visited an amusement park.,110.76,24-Oct-23
57753733,Bought groceries from the local supermarket.,180.72,30-Apr-23
69705825,Deposited money into an emergency fund.,742.61,31-Jan-25
15655676,Paid for online shopping order.,490.98,21-Dec-23
23892789,Subscribed to an online streaming service.,65.57,13-Dec-23
28079558,Paid for dental treatment.,357.66,25-Aug-24
74272243,Visited an amusement park.,53.47,1-Oct-24
93060489,Salary credited to the bank account.,8639.07,16-Mar-24
89964790,Had dinner at an Italian restaurant.,97.28,25-Sep-24
89174855,Paid for a concert ticket.,71.01,22-Jul-23
42117156,Paid for online shopping order.,408.23,14-Jun-23
37264484,Underwent medical check-up at a clinic.,248.95,25-Mar-24
67860911,Enjoyed a meal at a local diner.,86.3,1-Sep-23
47552372,Paid for a ride-sharing service.,15.76,29-Jun-23
20454739,Purchased grooming essentials.,61.34,13-Sep-24
36812109,Purchased grooming essentials.,12.61,21-Jun-23
67652307,Spent on weekly grocery shopping.,174.98,7-Jan-24
51588924,Credit card bill installment settled.,226.78,8-Oct-24
14163856,Dividend earnings from investments.,4212.85,28-Mar-23
43897641,Bought a train ticket for daily commute.,46.68,28-Nov-24
85212193,Purchased grooming essentials.,85.16,17-Sep-23
40162539,Paid for online shopping order.,493.39,17-Nov-24
21192315,Bought skincare products from a beauty store.,94.44,3-Jan-25
32169065,Hotel accommodation payment processed.,3826.51,9-Jul-23
23753465,"Bought fruits, bread, and household essentials.",166.63,25-May-23
47379111,Bought groceries from the local supermarket.,109.59,13-Dec-23
79415607,Purchased clothing from a retail store.,284.66,18-Jan-24
94710668,Bought electronics and accessories.,309.51,16-Oct-24
27865860,Bonus payment from employer.,3624.29,1-May-24
65028592,Doctor consultation fee paid.,415.86,28-Jul-24
26009385,Bought textbooks for university.,373.02,12-Mar-25
80925374,Personal loan EMI payment.,1541.27,29-Feb-24
91889869,Visited an amusement park.,14.22,2-Jun-23
26506976,Spent on weekly grocery shopping.,72.01,27-Apr-23
81520826,Paid for online shopping order.,67.99,29-Sep-24
58529788,Paid for car fuel at a gas station.,35.34,12-Jul-24
61156646,"Bought fruits, bread, and household essentials.",82.92,9-Dec-24
94939588,Salary credited to the bank account.,6584.78,26-Mar-24
32409106,Bought movie tickets for an evening show.,61.68,11-Feb-24
83749856,Spent on weekly grocery shopping.,139.6,14-Aug-23
29660633,Enjoyed a meal at a local diner.,32.92,25-Mar-23
60715677,Bought textbooks for university.,1817.66,7-Nov-24
26549900,"Bought fruits, bread, and household essentials.",197.66,28-Sep-23
34031249,Lunch at a fast food outlet.,51.85,15-Dec-23
81759754,Bought groceries from the local supermarket.,160.38,21-Jun-24
18001060,Purchased grooming essentials.,92.24,18-Jun-24
85818938,Purchased clothing from a retail store.,378.23,4-Nov-24
17809011,Mortgage installment payment processed.,1215.62,11-Sep-23
83237759,Purchased fresh vegetables and dairy products.,40.81,29-Apr-24
58782503,Paid for car fuel at a gas station.,4.98,8-Oct-24
78129112,Paid for a ride-sharing service.,9.52,16-May-23
14985692,Bought groceries from the local supermarket.,35.16,5-Nov-24
85499961,Purchased grooming essentials.,44.27,19-Nov-24
68003882,Bought movie tickets for an evening show.,26.76,11-Oct-23
87185017,Purchased home decor items.,353.02,19-Sep-24
45376389,Paid for water and sewage services.,236.56,2-Feb-24
33617538,Had dinner at an Italian restaurant.,62.05,20-Oct-23
48874812,Gas bill payment for the household.,79.86,5-Sep-24
81256136,Settled utility bills for the apartment.,1467.12,15-Feb-24
51030365,Monthly rent payment processed.,2375.83,28-Sep-23
12533909,Settled utility bills for the apartment.,2435.65,24-Jun-23
35093063,Electricity bill payment.,201.26,7-Sep-23
31438610,Monthly car loan installment paid.,231.46,19-Dec-24
40536618,Paid for online shopping order.,374.04,20-Mar-24
60691836,Purchased government bonds.,77.31,28-Feb-24
42235616,Paid for online shopping order.,152.19,18-Mar-24
41633075,Bought groceries from the local supermarket.,187.02,7-Jan-24
15410659,Paid for online course enrollment.,1545.77,26-Dec-24
30637403,Bought prescription medicines from pharmacy.,348.36,19-Feb-24
87858752,Spent on weekly grocery shopping.,23.98,19-Sep-23
58282757,Gas bill payment for the household.,213.76,2-Sep-23
65957853,Purchased clothing from a retail store.,470.86,6-May-24
53327720,Doctor consultation fee paid.,493.2,12-May-23
62645599,Mortgage payment for the house.,1215.72,1-Dec-23
96792684,Paid for coffee and snacks at a cafe.,18.11,21-Feb-25
15383923,Underwent medical check-up at a clinic.,388.36,2-Oct-24
83812614,Paid for coffee and snacks at a cafe.,6.22,23-Aug-23
74653129,Purchased clothing from a retail store.,340.65,14-Mar-25
71405727,Settled monthly internet subscription.,220.05,31-Mar-24
82531627,Topped up public transport card.,11.06,25-Oct-24
68716749,Received freelance project payment.,5117.57,11-Jan-24
82761022,Paid for a concert ticket.,112.24,13-May-24
98293772,"Bought fruits, bread, and household essentials.",11.59,5-Oct-23
25292257,Paid for a ride-sharing service.,10.77,13-May-24
40473371,Paid for a haircut at a salon.,22.49,20-Dec-24
77510315,Paid for car fuel at a gas station.,8.83,18-Jan-24
91108147,Electricity bill payment.,148.44,15-Mar-24
29778612,Credit card bill installment settled.,1602.77,16-Dec-24
83818453,Bought electronics and accessories.,60.14,17-Dec-24
91593504,Paid for car fuel at a gas station.,31.19,24-Sep-23
52582215,Paid for a haircut at a salon.,87.83,27-Apr-23
33591117,Bought groceries from the local supermarket.,168.43,20-Jul-24
65591094,Bought a train ticket for daily commute.,13.79,29-Sep-23
61378235,Had dinner at an Italian restaurant.,77.86,5-May-24
65839080,Bought groceries from the local supermarket.,46.12,11-Nov-24
22534828,Settled monthly internet subscription.,122.69,15-Jun-23
52364276,Had dinner at an Italian restaurant.,60.17,29-Apr-24
84091806,Personal loan EMI payment.,1868.55,31-Jan-25
26021167,Paid for a ride-sharing service.,47.13,27-Jul-23
24619864,Credit card bill installment settled.,1816.57,5-Dec-24
40254419,Purchased travel insurance.,3946.12,14-Nov-23
15369831,Purchased fresh vegetables and dairy products.,79.05,28-Nov-24
30391613,Booked flight tickets for vacation.,2842.57,10-Aug-23
91419234,Credit card bill installment settled.,1689.18,4-Mar-24
96551983,Paid for online shopping order.,55.15,26-Aug-23
52400287,"Bought fruits, bread, and household essentials.",172.19,29-Feb-24
68495523,Gas bill payment for the household.,171.7,5-Aug-23
20187448,Salary credited to the bank account.,3298.85,26-Apr-23
21778154,Topped up public transport card.,44.35,12-Jun-24
76361059,Topped up public transport card.,36.67,29-Feb-24
32993407,Purchased travel insurance.,2715.4,26-May-24
15274944,Had dinner at an Italian restaurant.,94.07,12-Jun-23
41284068,Settled utility bills for the apartment.,1872.64,25-Jun-23
97638818,"Bought fruits, bread, and household essentials.",152.48,14-Dec-24
89129511,Bought a train ticket for daily commute.,48.08,22-Feb-24
16862652,Spent on weekly grocery shopping.,60.07,15-Aug-24
77935267,Hotel accommodation payment processed.,1743.37,17-May-23
66690710,Bought prescription medicines from pharmacy.,111.55,16-Apr-23
88578336,Purchased fresh vegetables and dairy products.,151.18,17-Oct-23
30328292,Purchased fresh vegetables and dairy products.,117.53,19-Jul-24
21425885,Paid for a ride-sharing service.,34.97,15-Nov-23
17545036,Paid for car fuel at a gas station.,2.21,9-Sep-24
28560319,Bought a train ticket for daily commute.,28.97,27-Oct-24
59323685,Had dinner at an Italian restaurant.,84.77,14-Mar-24
60476865,Paid for a concert ticket.,138.66,1-Mar-24
79709660,Bought a train ticket for daily commute.,9.94,7-Aug-24
39864470,Saved a portion of income for future use.,492.5,22-Oct-24
60187690,Bought prescription medicines from pharmacy.,233.33,18-Dec-24
18774030,Bought electronics and accessories.,359.06,15-Aug-23
27849847,Paid for dental treatment.,44.37,15-Jun-24
51199541,Monthly car loan installment paid.,822.06,15-Jan-24
46893432,Booked flight tickets for vacation.,2522.27,30-Nov-23
20413883,Paid for car fuel at a gas station.,48.93,5-Mar-25
15126802,Paid for car fuel at a gas station.,18.02,3-Jul-24
88315704,Mortgage installment payment processed.,281.91,26-Jul-24
59167481,Paid for car fuel at a gas station.,41.97,3-May-23
75196944,Purchased fresh vegetables and dairy products.,142.17,30-Sep-24
68897621,Paid for a ride-sharing service.,14.51,18-Dec-24
19305410,Paid for a professional certification exam.,130.19,24-Jan-25
18321780,Paid for dental treatment.,443.69,10-Dec-23
90420801,Purchased fresh vegetables and dairy products.,188.2,26-Jan-25
21711317,Bought prescription medicines from pharmacy.,380.56,9-Mar-24
44706677,Purchased fresh vegetables and dairy products.,139.34,23-May-23
15121177,Lunch at a fast food outlet.,98.25,23-Sep-23
89919897,"Bought fruits, bread, and household essentials.",36.71,3-Jun-23
60907636,Purchased fresh vegetables and dairy products.,154.4,30-Oct-24
44250508,Settled utility bills for the apartment.,2155.86,3-Apr-24
18813469,Paid for a ride-sharing service.,30.62,19-Aug-24
43855259,Bought electronics and accessories.,157.73,8-Jun-24
25601940,Invested in a fixed deposit plan.,172.62,24-Aug-23
36011636,Purchased clothing from a retail store.,499.87,14-Jul-23
67371634,Settled utility bills for the apartment.,2860.41,24-Nov-23
23892508,Enjoyed a meal at a local diner.,37.25,11-Jun-23
87576155,Bought movie tickets for an evening show.,62.34,4-Apr-23
89432589,Electricity bill payment.,180.72,13-Dec-23
94180387,Paid for car rental services.,3264.03,28-Jan-25
22554775,Bought a train ticket for daily commute.,32.31,27-Mar-23
71896996,Topped up public transport card.,18.86,12-Oct-23
91530744,Salary credited to the bank account.,1170.67,10-Feb-25
20112745,Topped up public transport card.,19.53,28-Sep-24
12473325,Paid for a ride-sharing service.,29.61,31-Mar-23
67107282,Spent on weekly grocery shopping.,60.12,23-Apr-24
23771078,Paid for car fuel at a gas station.,13.56,20-Aug-23
81880803,Manicure and pedicure service payment.,99.16,16-Aug-23
78706508,Paid for coffee and snacks at a cafe.,91.99,29-Jun-23
51084330,Tuition fee payment for the semester.,272.45,30-Oct-24
72508600,Paid for car fuel at a gas station.,7.11,1-Nov-24
76114558,Purchased fresh vegetables and dairy products.,68,12-Mar-24
75093132,Doctor consultation fee paid.,320.29,16-Jul-24
37034178,Mortgage installment payment processed.,338.94,26-May-24
33607206,Visited an amusement park.,134.12,24-Jul-23
93162587,Bought prescription medicines from pharmacy.,69.06,30-Nov-23
38588308,Paid for a haircut at a salon.,78.3,24-Nov-24
93531061,Doctor consultation fee paid.,213.4,7-Oct-23
73777000,Lunch at a fast food outlet.,67.53,30-Aug-23
80067485,Bought movie tickets for an evening show.,26.98,10-Feb-24
87178620,Mortgage payment for the house.,956.28,23-Mar-23
58208441,Paid for a ride-sharing service.,12.42,20-Aug-24
84044495,Salary credited to the bank account.,5971.57,19-Jul-24
73995770,Paid for car fuel at a gas station.,12.67,7-Apr-23
25986858,Salary credited to the bank account.,6297.94,9-Feb-24
20312553,Spent on weekly grocery shopping.,53.94,9-Feb-25
97162063,Purchased fresh vegetables and dairy products.,119.64,4-Nov-23
30531176,Paid for water and sewage services.,122.86,11-Nov-23
38299535,Personal loan EMI payment.,1121.69,8-Nov-23
72630368,Credit card bill installment settled.,1836.2,5-Jul-24
57448092,Paid for water and sewage services.,267.81,2-Apr-23
70750913,Topped up public transport card.,29.06,24-Nov-24
75311530,Visited an amusement park.,22.93,1-Jul-24
20773884,Paid for water and sewage services.,153.97,1-Feb-25
43512838,Monthly rent payment processed.,2049.12,22-May-24
82408317,Booked flight tickets for vacation.,1599.93,20-Apr-23
44690671,Personal loan EMI payment.,687.94,25-May-24
31222363,Personal loan EMI payment.,1999.94,9-Mar-24
70179164,Mortgage installment payment processed.,1271.67,24-Jun-23
12936543,Topped up public transport card.,14.34,8-Nov-24
88352919,Had dinner at an Italian restaurant.,36.59,4-Dec-24
50203226,Purchased travel insurance.,2616.82,26-Apr-24
34535244,Purchased clothing from a retail store.,475.64,8-Jun-24
31362781,Electricity bill payment.,142.65,30-Aug-23
59846098,Spent on weekly grocery shopping.,60.09,12-Sep-23
76898367,Bought a train ticket for daily commute.,19.26,5-Mar-25
52966267,Hotel accommodation payment processed.,3432.3,16-Dec-23
52835242,Monthly rent payment processed.,2394.5,14-Jun-24
51812538,Manicure and pedicure service payment.,10.7,5-Sep-23
41484880,"Bought fruits, bread, and household essentials.",143.82,15-Jan-25
98536405,Mortgage installment payment processed.,1159.61,26-Jan-24
85643569,Spent on weekly grocery shopping.,47.88,15-Oct-24
27663704,Topped up public transport card.,36.15,21-May-24
63162554,Paid for dental treatment.,230.36,5-Nov-24
17803499,Paid for online course enrollment.,763.87,13-Sep-23
29927791,Bought movie tickets for an evening show.,108.29,21-Aug-24
87885584,"Bought fruits, bread, and household essentials.",186.77,29-Feb-24
57628364,"Bought fruits, bread, and household essentials.",85.08,21-Dec-23
66400378,Received freelance project payment.,1661.23,17-May-24
62361501,Purchased home decor items.,323,17-Mar-24
69782405,Mortgage installment payment processed.,908.98,2-Jul-24
38418320,Settled utility bills for the apartment.,2781.19,3-Jul-23
53926488,"Bought fruits, bread, and household essentials.",36.64,25-Jul-23
37990056,Monthly rent payment processed.,2490.85,5-Aug-24
78188370,Purchased fresh vegetables and dairy products.,48.43,23-Mar-24
22987244,Monthly rent payment processed.,1941.7,18-Jul-24
20733779,Topped up public transport card.,27.21,8-Apr-24
58005409,Subscribed to an online streaming service.,138.59,28-Jun-24
80567805,Bought groceries from the local supermarket.,148.29,6-Sep-23
44949574,Visited an amusement park.,19.72,25-Nov-24
97682005,Paid for online course enrollment.,1219.15,19-Apr-24
53627454,Topped up public transport card.,35.01,6-Jul-24
97925077,Bought textbooks for university.,1442.19,28-May-23
12473665,Bought a train ticket for daily commute.,29.28,5-Jun-24
41709640,Bought skincare products from a beauty store.,99.34,22-Aug-23
24611756,Bought groceries from the local supermarket.,140.94,26-Mar-24
51942288,Subscribed to an online streaming service.,99.77,23-Feb-24
71979648,Enjoyed a meal at a local diner.,48.5,6-Aug-23
39426659,Paid for car fuel at a gas station.,24.63,3-Jul-23
80567486,Paid for car fuel at a gas station.,45.97,26-Jul-24
54446569,Manicure and pedicure service payment.,36.19,24-Oct-23
28475322,Purchased fresh vegetables and dairy products.,172.65,15-Jul-23
21908137,Settled monthly internet subscription.,133.75,27-Jun-24
59207160,Mortgage installment payment processed.,1981.73,9-Sep-24
52614099,Spent on weekly grocery shopping.,180.69,21-Sep-24
76992555,Paid for car fuel at a gas station.,4.11,20-Feb-25
81814260,Bought groceries from the local supermarket.,100.34,7-Jun-24
25306827,Paid for a professional certification exam.,204.88,23-Apr-23
56999696,Spent on weekly grocery shopping.,183.65,2-May-24
32291510,Purchased fresh vegetables and dairy products.,40.36,12-Aug-24
25605539,Bought prescription medicines from pharmacy.,467.29,30-Dec-23
47478677,Electricity bill payment.,119.86,30-Aug-24
34489829,Bought a train ticket for daily commute.,42.75,16-Feb-24
61329878,Purchased fresh vegetables and dairy products.,62.95,1-Nov-23
16067412,Paid for a ride-sharing service.,14.13,31-Aug-23
95073991,Mortgage payment for the house.,691.33,28-Apr-24
72488764,Bought movie tickets for an evening show.,105.32,19-Mar-23
22354019,Purchased fresh vegetables and dairy products.,102.13,1-Jan-25
17532624,Purchased clothing from a retail store.,254.74,7-Feb-25
86717795,Bought groceries from the local supermarket.,39.77,25-Sep-23
77998973,Bought groceries from the local supermarket.,66.85,21-Nov-23
60870406,Saved a portion of income for future use.,262.31,29-Aug-23
17515122,Purchased fresh vegetables and dairy products.,112.23,27-Jul-24
85184682,Bonus payment from employer.,3317.25,9-Jan-24
34413579,Paid for a professional certification exam.,987.38,20-Nov-23
55656141,Purchased clothing from a retail store.,130.87,2-Oct-23
36692529,Purchased travel insurance.,372.6,23-Sep-24
70847052,Purchased clothing from a retail store.,268.21,15-Dec-23
48826192,Doctor consultation fee paid.,57.95,23-Mar-24
19752387,Settled monthly internet subscription.,172.85,12-Jan-24
31703064,Paid for a ride-sharing service.,34.97,7-Jun-23
54349475,Purchased fresh vegetables and dairy products.,81.39,6-Jul-23
47717077,Bought a train ticket for daily commute.,43.91,8-Oct-23
15072083,Had dinner at an Italian restaurant.,26.81,22-Dec-23
74131270,Tuition fee payment for the semester.,740.89,24-Jul-24
87071365,Enjoyed a meal at a local diner.,76.85,2-May-24
93882155,Purchased travel insurance.,2948.97,29-Feb-24
18330625,Doctor consultation fee paid.,363.25,12-Apr-24
60162330,Topped up public transport card.,22.33,5-Nov-23
42441977,Paid for car rental services.,1905.45,8-Aug-24
69717956,Dividend earnings from investments.,4237.94,24-Oct-23
71118450,Purchased clothing from a retail store.,224.59,28-Jul-24
70858887,Bought prescription medicines from pharmacy.,87.15,29-Feb-24
42119873,Paid for coffee and snacks at a cafe.,36.12,10-Sep-24
85939764,Bought groceries from the local supermarket.,87.01,23-Mar-24
63716175,Electricity bill payment.,134.5,18-Apr-23
31207655,Paid for a professional certification exam.,273.73,6-Apr-24
19627258,Spent on weekly grocery shopping.,57.84,9-Nov-23
46124739,Lunch at a fast food outlet.,19.66,15-Jan-25
25533204,Bought groceries from the local supermarket.,93.53,1-Feb-24
24925539,Bought textbooks for university.,1707.52,1-Jul-24
42916222,Topped up public transport card.,36.53,1-May-24
98378504,Purchased grooming essentials.,97.83,18-Jan-24
25350484,Topped up public transport card.,35.1,28-Feb-25
97768188,Bought groceries from the local supermarket.,92.54,16-May-24
54477976,Topped up public transport card.,23.11,15-Nov-23
66492758,Bonus payment from employer.,9557.4,3-Jul-24
28298519,Credit card bill installment settled.,1548.44,13-Jan-25
62882475,Bought skincare products from a beauty store.,87.76,4-Mar-24
74535662,"Bought fruits, bread, and household essentials.",82.09,2-Jun-23
54677789,Booked flight tickets for vacation.,1512.98,20-Feb-25
47726682,Gas bill payment for the household.,174.2,24-Aug-24
59839349,Monthly car loan installment paid.,1056.01,6-Mar-25
13763703,Electricity bill payment.,229.26,27-Apr-24
27095551,Paid for home maintenance services.,2463.07,26-Feb-25
90694288,Paid for a ride-sharing service.,15.68,25-Mar-24
96594363,Paid for a ride-sharing service.,13.16,28-Jan-24
54934581,Tuition fee payment for the semester.,1397.86,26-Aug-23
76334830,Paid for a ride-sharing service.,41.67,10-Apr-23
61131407,Paid for coffee and snacks at a cafe.,69.93,29-Dec-23
79947695,Bought groceries from the local supermarket.,185.26,20-Sep-24
31836231,Topped up public transport card.,10.42,28-Feb-25
37398800,Received freelance project payment.,7586.98,14-Sep-24
69226198,Mortgage installment payment processed.,1686.61,29-May-23
58986305,Bought electronics and accessories.,119.53,22-Sep-23
40982389,Bought prescription medicines from pharmacy.,361.06,27-Dec-23
64012401,Spent on weekly grocery shopping.,187.66,8-Jul-24
68186541,Bought movie tickets for an evening show.,91.9,18-Apr-24
43246893,Purchased fresh vegetables and dairy products.,165.47,27-Apr-24
68759451,Paid for car fuel at a gas station.,12.95,14-Nov-23
53555661,Transferred funds to savings account.,130.27,21-Dec-24
15554775,Bought textbooks for university.,1471.6,22-Sep-24
17910111,"Bought fruits, bread, and household essentials.",45.46,20-May-24
80485347,Settled monthly internet subscription.,99.93,5-May-24
75400668,Spent on weekly grocery shopping.,119.26,19-Jul-24
47966503,Purchased fresh vegetables and dairy products.,97.28,22-Dec-23
95091120,Credit card bill installment settled.,1541.79,25-Apr-24
46667958,Had dinner at an Italian restaurant.,94.14,29-May-23
20351881,Paid for dental treatment.,422.83,7-Mar-25
51733069,Enjoyed a meal at a local diner.,39.15,29-Dec-24
64136661,Bought movie tickets for an evening show.,112.68,30-Aug-23
96424242,Dividend earnings from investments.,1063.48,17-Jan-25
18529343,Bought prescription medicines from pharmacy.,73.09,30-Jun-24
16349465,Purchased clothing from a retail store.,46.76,17-Nov-23
62337555,Monthly rent payment processed.,929.69,3-May-23
17998876,Paid for car fuel at a gas station.,7.9,28-May-23
28471682,Visited an amusement park.,51.59,18-Apr-24
16168094,Purchased travel insurance.,1848.14,6-Nov-24
73553087,Manicure and pedicure service payment.,80.01,1-Feb-24
69234570,Bought textbooks for university.,911.22,28-Jan-25
32272780,Paid for car fuel at a gas station.,42.74,1-Jul-23
81850197,Purchased clothing from a retail store.,224.61,1-Jun-24
43062746,Topped up public transport card.,14.75,16-Apr-23
68712824,Bought groceries from the local supermarket.,169.2,7-Oct-23
15056450,Paid for a haircut at a salon.,95.32,3-Oct-23
57577071,Credit card bill installment settled.,1722.76,7-Apr-24
18144468,Paid for a ride-sharing service.,2.6,20-Jul-23
28018367,Doctor consultation fee paid.,262.1,27-Nov-24
58346666,Spent on weekly grocery shopping.,123.66,5-Nov-23
73703723,Bought a train ticket for daily commute.,33.31,4-Mar-25
75905515,Purchased fresh vegetables and dairy products.,152.82,22-Dec-24
90020920,Purchased travel insurance.,1460.83,21-Jan-24
15246741,Paid for coffee and snacks at a cafe.,40.79,15-Apr-24
18162238,Bought prescription medicines from pharmacy.,196.17,26-Jun-23
27221960,Purchased government bonds.,3074.59,28-Mar-24
73081335,Tuition fee payment for the semester.,551.16,15-Mar-24
36729402,Invested in cryptocurrency assets.,3863.9,27-Dec-23
53375213,Bought a train ticket for daily commute.,32.46,5-Nov-24
46343460,Paid for car rental services.,4423.23,25-Jan-24
80218592,Manicure and pedicure service payment.,43.46,15-Mar-24
40411110,Gas bill payment for the household.,207.27,3-Jan-24
19069854,Bought a train ticket for daily commute.,18.66,13-Jun-24
75110254,Bought groceries from the local supermarket.,69.31,19-Oct-23
40547050,Paid for a ride-sharing service.,13.76,27-Sep-23
55638871,Lunch at a fast food outlet.,82.69,1-Jul-24
94051580,Hotel accommodation payment processed.,700.02,16-Sep-24
89634060,Bought textbooks for university.,633.77,16-Mar-24
17490664,Spent on weekly grocery shopping.,63.09,10-Sep-23
92114608,Monthly rent payment processed.,901.88,12-Jun-23
42219623,Purchased fresh vegetables and dairy products.,37.24,8-Jan-25
33643972,Bought textbooks for university.,1009.24,26-Sep-23
14608589,Paid for online shopping order.,68.88,9-Jun-23
13430934,Paid for a ride-sharing service.,30.03,20-Jun-24
78745979,Bought electronics and accessories.,423.47,24-Dec-24
92248523,Settled utility bills for the apartment.,2008.43,6-Jul-24
52509702,Purchased fresh vegetables and dairy products.,156.07,26-Jul-23
53108413,Deposited money into an emergency fund.,691.36,18-Oct-23
81780232,Gas bill payment for the household.,290.02,25-Jun-24
28684433,"Bought fruits, bread, and household essentials.",54.03,27-Jan-25
89153390,Paid for car fuel at a gas station.,14.19,28-Oct-24
62701570,Had dinner at an Italian restaurant.,69.18,1-Nov-23
60040431,Bought company shares in stock market.,3020.96,4-May-23
63417504,Spent on weekly grocery shopping.,198.78,22-May-23
27722476,Purchased fresh vegetables and dairy products.,154.71,2-Nov-24
75998298,Purchased fresh vegetables and dairy products.,134.87,5-Jul-24
25436482,Paid for a ride-sharing service.,8.14,20-Aug-24
74240866,Bought textbooks for university.,1989.91,16-Jan-24
32001769,Bonus payment from employer.,8481.68,20-Sep-23
31187364,Paid for a ride-sharing service.,21.01,16-May-23
40244403,Gas bill payment for the household.,235.3,22-Jun-24
88697746,Invested in a fixed deposit plan.,453.32,11-Dec-24
65995848,Had dinner at an Italian restaurant.,33.33,16-Oct-23
86583197,"Bought fruits, bread, and household essentials.",183.72,21-Sep-23
76537519,Paid for car rental services.,4089.42,8-Sep-24
81541675,Gas bill payment for the household.,223.53,29-Apr-24
60528842,Visited an amusement park.,16.2,29-Mar-24
62204834,Doctor consultation fee paid.,31.68,6-Aug-23
87148527,Paid for coffee and snacks at a cafe.,39.16,14-Nov-23
79576393,"Bought fruits, bread, and household essentials.",134.92,11-Feb-24
33462471,Paid for a haircut at a salon.,46.62,21-Jul-24
81035557,Bought movie tickets for an evening show.,46.99,20-Dec-23
73623157,Booked flight tickets for vacation.,2209.38,22-Sep-24
85075309,Mortgage installment payment processed.,1903.59,7-Dec-24
50279205,Paid for online shopping order.,21.18,6-Jul-23
65894423,Purchased fresh vegetables and dairy products.,62.52,21-Jun-24
65409635,Purchased home decor items.,19.85,20-Aug-23
21637781,Credit card bill installment settled.,438.46,21-Jun-24
39039241,Invested in a fixed deposit plan.,467.52,6-Jun-23
59840204,Purchased grooming essentials.,78.72,18-Oct-23
55414688,Visited an amusement park.,107.95,2-Sep-23
68779564,Received freelance project payment.,3040.5,2-Mar-24
98378318,Paid for a ride-sharing service.,35.02,1-Jun-24
98712878,Paid for dental treatment.,214.43,20-Jul-23
65422308,Salary credited to the bank account.,6137.22,3-Dec-24
39772156,Topped up public transport card.,42.7,1-Mar-25
63673669,Doctor consultation fee paid.,125.81,11-Mar-24
95634941,Had dinner at an Italian restaurant.,18.35,17-Jul-23
58290737,Tuition fee payment for the semester.,687,16-Oct-24
17855013,Visited an amusement park.,100.35,22-May-24
28715180,Paid for coffee and snacks at a cafe.,7.06,16-Aug-24
40839305,Bought a train ticket for daily commute.,30.82,30-Nov-24
55071299,Bought electronics and accessories.,258.17,7-Apr-23
82252883,Had dinner at an Italian restaurant.,56.4,22-Jul-23
23313748,Purchased home decor items.,62.17,15-Apr-24
45784900,Bought textbooks for university.,1859.99,5-Mar-24
32375674,Spent on weekly grocery shopping.,96.7,24-Feb-24
77847849,Had dinner at an Italian restaurant.,28.98,30-Nov-24
61453602,Hotel accommodation payment processed.,4593.04,9-Dec-24
77652342,Settled utility bills for the apartment.,966.52,18-May-23
75555564,Purchased travel insurance.,3852.86,9-Oct-24
19633976,Paid for a ride-sharing service.,6.66,4-Dec-24
89847539,Purchased fresh vegetables and dairy products.,17.01,18-Nov-23
20335532,Had dinner at an Italian restaurant.,22.42,22-Sep-23
63724165,Paid for a ride-sharing service.,39.48,10-Mar-25
93118651,Bought a train ticket for daily commute.,43.08,6-May-24
26914328,Mortgage payment for the house.,1854.54,28-Dec-24
97023571,Paid for online course enrollment.,429.64,12-Apr-24
21605661,Topped up public transport card.,29.99,17-Apr-24
86626469,Paid for coffee and snacks at a cafe.,74.59,4-Feb-25
16008624,Purchased fresh vegetables and dairy products.,143.17,16-Oct-23
94550544,Paid for a professional certification exam.,1926.45,27-Jun-24
68199674,"Bought fruits, bread, and household essentials.",132.92,4-Nov-23
60065539,Had dinner at an Italian restaurant.,88.01,29-Mar-24
29316474,Had dinner at an Italian restaurant.,64.73,28-Dec-23
69185422,Paid for a professional certification exam.,299.35,27-Apr-24
